clube,treinador,tipo,jogos,vitorias,empates,derrotas,pontos,aproveitamento,pontos_em_38,gols_pro,gols_contra,primeiro_jogo,ultimo_jogo
São Paulo,Hernán Crespo,efetivo,4,3,1,0,10,83.3,95,6,2,2026-01-28,2026-02-25
Flamengo,Leonardo Jardim,efetivo,25,17,5,3,56,74.7,85,51,19,2026-03-11,2026-09-20
Fluminense,Marcão,efetivo,6,4,1,1,13,72.2,82,13,10,2026-08-15,2026-09-20
Cruzeiro,Artur Jorge,efetivo,20,13,2,5,41,68.3,78,34,24,2026-04-01,2026-09-20
Palmeiras,Abel Ferreira,efetivo,28,16,9,3,57,67.9,77,47,21,2026-01-28,2026-09-20
Athletico-PR,Odair Hellmann,efetivo,28,14,7,7,49,58.3,66,43,32,2026-01-28,2026-09-20
Atlético-MG,Eduardo Domínguez,efetivo,23,11,5,7,38,55.1,63,30,24,2026-03-11,2026-09-19
Bahia,Rogério Ceni,efetivo,28,12,10,6,46,54.8,62,43,35,2026-01-28,2026-09-20
Santos,Cuca,efetivo,20,9,5,6,32,53.3,61,31,27,2026-03-22,2026-09-19
Fluminense,Luis Zubeldía,efetivo,22,9,8,5,35,53.0,60,31,26,2026-01-28,2026-08-08
Botafogo,Franclim Carvalho,efetivo,13,4,6,3,18,46.2,53,19,15,2026-04-12,2026-08-16
Botafogo,Belão,interino,8,3,2,3,11,45.8,52,12,16,2026-03-29,2026-09-16
Coritiba,Fernando Seabra,efetivo,28,10,8,10,38,45.2,52,37,43,2026-01-28,2026-09-19
Vasco,Renato Gaúcho,efetivo,14,5,4,5,19,45.2,52,19,23,2026-03-12,2026-05-31
Flamengo,Filipe Luís,efetivo,3,1,1,1,4,44.4,51,4,4,2026-01-28,2026-02-10
Bragantino,Vagner Mancini,efetivo,27,10,6,11,36,44.4,51,33,31,2026-01-28,2026-09-20
São Paulo,Roger Machado,efetivo,11,4,2,5,14,42.4,48,15,14,2026-03-12,2026-05-10
Vasco,Pedro Emanuel,efetivo,9,3,2,4,11,40.7,46,12,12,2026-07-16,2026-09-19
Corinthians,Fernando Diniz,efetivo,18,6,4,8,22,40.7,46,21,21,2026-04-12,2026-09-20
Vitória,Jair Ventura,efetivo,28,9,6,13,33,39.3,45,28,42,2026-01-28,2026-09-20
Mirassol,Rafael Guanaes,efetivo,28,8,8,12,32,38.1,43,33,42,2026-01-29,2026-09-19
Grêmio,Luís Castro,efetivo,26,7,7,12,28,35.9,41,28,35,2026-01-28,2026-09-12
Internacional,Paulo Pezzolano,efetivo,28,6,10,12,28,33.3,38,30,37,2026-01-28,2026-09-19
Corinthians,Dorival Júnior,efetivo,10,2,4,4,10,33.3,38,8,11,2026-01-28,2026-04-05
Botafogo,Martín Anselmi,efetivo,6,2,0,4,6,33.3,38,10,12,2026-01-29,2026-03-21
São Paulo,Dorival Júnior,efetivo,12,3,3,6,12,33.3,38,12,14,2026-05-16,2026-09-19
Chapecoense,Gilmar Dal Pozzo,efetivo,8,1,4,3,7,29.2,33,9,15,2026-01-28,2026-04-02
Remo,Léo Condé,efetivo,23,5,5,13,20,29.0,33,25,37,2026-03-12,2026-09-14
Santos,Juan Pablo Vojvoda,efetivo,7,1,3,3,6,28.6,33,10,13,2026-01-28,2026-03-18
Chapecoense,Rafael Lacerda,efetivo,11,2,3,6,9,27.3,31,12,21,2026-05-31,2026-09-19
Remo,Juan Carlos Osorio,efetivo,4,0,3,1,3,25.0,28,6,8,2026-01-28,2026-02-25
Atlético-MG,Jorge Sampaoli,efetivo,3,0,2,1,2,22.2,25,5,6,2026-01-28,2026-02-11
Grêmio,Renato Gaúcho,efetivo,2,0,1,1,1,16.7,19,2,3,2026-09-16,2026-09-20
Cruzeiro,Wesley Carvalho,interino,2,0,1,1,1,16.7,19,1,2,2026-03-18,2026-03-22
Cruzeiro,Tite,efetivo,6,0,3,3,3,16.7,19,7,14,2026-01-29,2026-03-15
Vasco,Fernando Diniz,efetivo,3,0,1,2,1,11.1,13,2,4,2026-01-29,2026-02-11
Chapecoense,Fábio Matias,efetivo,8,0,2,6,2,8.3,10,8,17,2026-04-05,2026-05-24
Botafogo,Tite,efetivo,1,0,0,1,0,0.0,0,0,2,2026-09-19,2026-09-19
Atlético-MG,Lucas Gonçalves,interino,1,0,0,1,0,0.0,0,1,2,2026-02-25,2026-02-25
Remo,Thiago Carpini,efetivo,1,0,0,1,0,0.0,0,1,2,2026-09-19,2026-09-19
Vasco,Bruno Lazaroni,interino,1,0,0,1,0,0.0,0,1,2,2026-02-26,2026-02-26
