,treinador,clube,jogos,aproveitamento,pontos_em_38
1,Leonardo Jardim,Flamengo,25,74.66666666666667,85
2,Marcão,Fluminense,6,72.22222222222221,82
3,Artur Jorge,Cruzeiro,20,68.33333333333333,78
4,Abel Ferreira,Palmeiras,28,67.85714285714285,77
5,Odair Hellmann,Athletico-PR,28,58.333333333333336,66
6,Eduardo Domínguez,Atlético-MG,23,55.072463768115945,63
7,Rogério Ceni,Bahia,28,54.76190476190476,62
8,Cuca,Santos,20,53.333333333333336,61
9,Luis Zubeldía,Fluminense,22,53.03030303030303,60
10,Franclim Carvalho,Botafogo,13,46.15384615384615,53
11,Belão,Botafogo,8,45.83333333333333,52
12,Fernando Seabra,Coritiba,28,45.23809523809524,52
13,Renato Gaúcho,Vasco,14,45.23809523809524,52
14,Vagner Mancini,Bragantino,27,44.44444444444444,51
15,Roger Machado,São Paulo,11,42.42424242424242,48
16,Pedro Emanuel,Vasco,9,40.74074074074075,46
17,Fernando Diniz,Corinthians,18,40.74074074074075,46
18,Jair Ventura,Vitória,28,39.285714285714285,45
19,Rafael Guanaes,Mirassol,28,38.095238095238095,43
20,Luís Castro,Grêmio,26,35.8974358974359,41
21,Paulo Pezzolano,Internacional,28,33.33333333333333,38
22,Dorival Júnior,Corinthians,10,33.33333333333333,38
23,Martín Anselmi,Botafogo,6,33.33333333333333,38
24,Dorival Júnior,São Paulo,12,33.33333333333333,38
25,Gilmar Dal Pozzo,Chapecoense,8,29.166666666666668,33
26,Léo Condé,Remo,23,28.985507246376812,33
27,Juan Pablo Vojvoda,Santos,7,28.57142857142857,33
28,Rafael Lacerda,Chapecoense,11,27.272727272727277,31
29,Tite,Cruzeiro,6,16.666666666666664,19
30,Fábio Matias,Chapecoense,8,8.333333333333332,10
