treinador,clube,tipo,jogos,aproveitamento,aproveitamento_ajustado,pontos_em_38_ajustado,acima_adversarios_por_jogo,acima_folha_por_jogo
Leonardo Jardim,Flamengo,efetivo,25,74.67,66.3,76,0.64,0.4
Abel Ferreira,Palmeiras,efetivo,28,67.86,61.94,71,0.48,0.29
Artur Jorge,Cruzeiro,efetivo,20,68.33,60.68,69,0.41,0.32
Marcão,Fluminense,efetivo,6,72.22,55.44,63,0.36,0.21
Hernán Crespo,São Paulo,efetivo,4,83.33,56.21,64,0.32,0.27
Odair Hellmann,Athletico-PR,efetivo,28,58.33,54.92,63,0.3,0.4
Rogério Ceni,Bahia,efetivo,28,54.76,52.29,60,0.18,0.11
Eduardo Domínguez,Atlético-MG,efetivo,23,55.07,52.13,59,0.15,0.09
Cuca,Santos,efetivo,20,53.33,50.68,58,0.12,0.06
Luis Zubeldía,Fluminense,efetivo,22,53.03,50.64,58,0.11,-0.01
Filipe Luís,Flamengo,efetivo,3,44.44,45.15,51,0.06,-0.08
Pedro Emanuel,Vasco,efetivo,9,40.74,43.18,49,0.06,-0.07
Martín Anselmi,Botafogo,efetivo,6,33.33,40.85,47,0.04,-0.19
Belão,Botafogo,interino,8,45.83,45.57,52,0.03,-0.05
Franclim Carvalho,Botafogo,efetivo,13,46.15,45.81,52,0.01,-0.06
Vagner Mancini,Bragantino,efetivo,27,44.44,44.69,51,0.01,0.12
Fernando Seabra,Coritiba,efetivo,28,45.24,45.27,52,-0.02,0.12
Roger Machado,São Paulo,efetivo,11,42.42,43.83,50,-0.05,-0.14
Dorival Júnior,Corinthians,efetivo,10,33.33,39.35,45,-0.07,-0.32
Renato Gaúcho,Grêmio,efetivo,2,16.67,40.58,46,-0.08,-0.14
Wesley Carvalho,Cruzeiro,interino,2,16.67,40.58,46,-0.09,-0.18
Lucas Gonçalves,Atlético-MG,interino,1,0.0,41.24,47,-0.09,-0.14
Jair Ventura,Vitória,efetivo,28,39.29,40.89,47,-0.1,0.15
Renato Gaúcho,Vasco,efetivo,14,45.24,45.29,52,-0.1,-0.01
Tite,Botafogo,efetivo,1,0.0,41.24,47,-0.11,-0.14
Bruno Lazaroni,Vasco,interino,1,0.0,41.24,47,-0.11,-0.12
Fernando Diniz,Corinthians,efetivo,18,40.74,42.39,48,-0.12,-0.27
Thiago Carpini,Remo,efetivo,1,0.0,41.24,47,-0.14,-0.09
Rafael Guanaes,Mirassol,efetivo,28,38.1,40.01,46,-0.15,0.05
Dorival Júnior,São Paulo,efetivo,12,33.33,38.8,44,-0.17,-0.3
Juan Carlos Osorio,Remo,efetivo,4,25.0,39.55,45,-0.17,-0.05
Jorge Sampaoli,Atlético-MG,efetivo,3,22.22,40.03,46,-0.19,-0.2
Rafael Lacerda,Chapecoense,efetivo,11,27.27,35.89,41,-0.19,-0.01
Luís Castro,Grêmio,efetivo,26,35.9,38.53,44,-0.22,-0.18
Paulo Pezzolano,Internacional,efetivo,28,33.33,36.5,42,-0.28,-0.26
Fernando Diniz,Vasco,efetivo,3,11.11,37.46,43,-0.29,-0.24
Juan Pablo Vojvoda,Santos,efetivo,7,28.57,38.45,44,-0.3,-0.27
Tite,Cruzeiro,efetivo,6,16.67,34.6,39,-0.31,-0.4
Gilmar Dal Pozzo,Chapecoense,efetivo,8,29.17,38.17,44,-0.31,0.02
Léo Condé,Remo,efetivo,23,28.99,33.95,39,-0.34,-0.05
Fábio Matias,Chapecoense,efetivo,8,8.33,28.91,33,-0.53,-0.26
