,treinador,clube,jogos,aproveitamento,aproveitamento_ajustado,pontos_em_38_ajustado
1,Leonardo Jardim,Flamengo,25,74.66666666666667,66.2953412411896,76
2,Abel Ferreira,Palmeiras,28,67.85714285714285,61.93869149407815,71
3,Artur Jorge,Cruzeiro,20,68.33333333333333,60.677898114721216,69
4,Hernán Crespo,São Paulo,4,83.33333333333334,56.21454357916452,64
5,Marcão,Fluminense,6,72.22222222222221,55.437725631768956,63
6,Odair Hellmann,Athletico-PR,28,58.333333333333336,54.92114763442903,63
7,Rogério Ceni,Bahia,28,54.76190476190476,52.289568687060616,60
8,Eduardo Domínguez,Atlético-MG,23,55.072463768115945,52.13142252853444,59
9,Cuca,Santos,20,53.333333333333336,50.67789811472122,58
10,Luis Zubeldía,Fluminense,22,53.03030303030303,50.63552948255114,58
11,Franclim Carvalho,Botafogo,13,46.15384615384615,45.81175116412913,52
12,Renato Gaúcho,Vasco,14,45.23809523809524,45.29181708784597,52
13,Fernando Seabra,Coritiba,28,45.23809523809524,45.27202482741149,52
14,Belão,Botafogo,8,45.83333333333333,45.574274635646475,52
15,Filipe Luís,Flamengo,3,44.44444444444444,45.154123854484865,51
16,Vagner Mancini,Bragantino,27,44.44444444444444,44.69379126418838,51
17,Roger Machado,São Paulo,11,42.42424242424242,43.825568735316025,50
18,Pedro Emanuel,Vasco,9,40.74074074074075,43.1756286021914,49
19,Fernando Diniz,Corinthians,18,40.74074074074075,42.39298607529655,48
20,Lucas Gonçalves,Atlético-MG,1,0.0,41.24275243408817,47
21,Martín Anselmi,Botafogo,6,33.33333333333333,40.85439229843562,47
22,Bruno Lazaroni,Vasco,1,0.0,41.24275243408817,47
23,Tite,Botafogo,1,0.0,41.24275243408817,47
24,Jair Ventura,Vitória,28,39.285714285714285,40.88605991513079,47
25,Thiago Carpini,Remo,1,0.0,41.24275243408817,47
26,Jorge Sampaoli,Atlético-MG,3,22.22222222222222,40.025918726279734,46
27,Rafael Guanaes,Mirassol,28,38.095238095238095,40.00886693267465,46
28,Wesley Carvalho,Cruzeiro,2,16.666666666666664,40.583634175691934,46
29,Renato Gaúcho,Grêmio,2,16.666666666666664,40.583634175691934,46
30,Juan Carlos Osorio,Remo,4,25.0,39.547876912497856,45
31,Dorival Júnior,Corinthians,10,33.33333333333333,39.35018050541517,45
32,Gilmar Dal Pozzo,Chapecoense,8,29.166666666666668,38.16686722823907,44
33,Luís Castro,Grêmio,26,35.8974358974359,38.527878058563985,44
34,Dorival Júnior,São Paulo,12,33.33333333333333,38.80319439886227,44
35,Juan Pablo Vojvoda,Santos,7,28.57142857142857,38.451192751468824,44
36,Fernando Diniz,Vasco,3,11.11111111111111,37.46181616217717,43
37,Paulo Pezzolano,Internacional,28,33.33333333333333,36.50009500285009,42
38,Rafael Lacerda,Chapecoense,11,27.272727272727277,35.88906079880809,41
39,Tite,Cruzeiro,6,16.666666666666664,34.60439229843562,39
40,Léo Condé,Remo,23,28.985507246376812,33.949604346716264,39
41,Fábio Matias,Chapecoense,8,8.333333333333332,28.90760796897981,33
