clube,data,saiu,entrou,ppj_ultimos_5,ppj_primeiros_5,jogos_primeiros,ppj_passagem_saiu,ppj_passagem_entrou,jogos_passagem_entrou,variacao_curta
Atlético-MG,2026-02-25,Jorge Sampaoli,Lucas Gonçalves,0.67,0.0,1,0.67,0.0,1,-0.67
Vasco,2026-02-26,Fernando Diniz,Bruno Lazaroni,0.33,0.0,1,0.33,0.0,1,-0.33
Atlético-MG,2026-03-11,Lucas Gonçalves,Eduardo Domínguez,0.5,1.8,5,0.0,1.65,23,1.3
Flamengo,2026-03-11,Filipe Luís,Leonardo Jardim,1.33,2.0,5,1.33,2.24,25,0.67
São Paulo,2026-03-12,Hernán Crespo,Roger Machado,2.5,1.4,5,2.5,1.27,11,-1.1
Remo,2026-03-12,Juan Carlos Osorio,Léo Condé,0.75,0.6,5,0.75,0.87,23,-0.15
Vasco,2026-03-12,Bruno Lazaroni,Renato Gaúcho,0.25,2.2,5,0.0,1.36,14,1.95
Cruzeiro,2026-03-18,Tite,Wesley Carvalho,0.6,0.5,2,0.5,0.5,2,-0.1
Santos,2026-03-22,Juan Pablo Vojvoda,Cuca,1.0,1.4,5,0.86,1.6,20,0.4
Botafogo,2026-03-29,Martín Anselmi,Belão,0.6,2.0,3,1.0,2.0,3,1.4
Cruzeiro,2026-04-01,Wesley Carvalho,Artur Jorge,0.6,2.4,5,0.5,2.05,20,1.8
Chapecoense,2026-04-05,Gilmar Dal Pozzo,Fábio Matias,0.4,0.2,5,0.88,0.25,8,-0.2
Botafogo,2026-04-12,Belão,Franclim Carvalho,1.8,1.2,5,2.0,1.38,13,-0.6
Corinthians,2026-04-12,Dorival Júnior,Fernando Diniz,0.6,1.6,5,1.0,1.22,18,1.0
São Paulo,2026-05-16,Roger Machado,Dorival Júnior,0.8,0.4,5,1.27,1.0,12,-0.4
Chapecoense,2026-05-31,Fábio Matias,Rafael Lacerda,0.2,0.2,5,0.25,0.82,11,0.0
Vasco,2026-07-16,Renato Gaúcho,Pedro Emanuel,0.8,0.4,5,1.36,1.22,9,-0.4
Fluminense,2026-08-15,Luis Zubeldía,Marcão,1.0,2.0,5,1.59,2.17,6,1.0
Botafogo,2026-08-24,Franclim Carvalho,Belão,1.6,1.0,5,1.38,1.0,5,-0.6
Grêmio,2026-09-16,Luís Castro,Renato Gaúcho,0.6,0.5,2,1.08,0.5,2,-0.1
Remo,2026-09-19,Léo Condé,Thiago Carpini,0.2,0.0,1,0.87,0.0,1,-0.2
Botafogo,2026-09-19,Belão,Tite,1.0,0.0,1,1.38,0.0,1,-1.0
